"metric","value"
"cor_t",-0.120089157112827
"cor_FDR",-0.104482851300734
"n_sig_imp",866
"n_sig_cc",353
"overlap",353
"jaccard",0.407621247113164
